{
  "mse": 20.239249999999988,
  "r2": -19.239249999999988,
  "n_train": 8,
  "n_test": 2
}